"country","sales_average","sales_min","sales_max"
"France","173958.373500000000","1763.86","962500.0"
"Germany","167895.291571428571","1685.6","1017338.0"
"United States of America","178784.501285714286","1730.54","1159200.0"
"Mexico","149638.229357142857","2508.66","848172.5"
"Canada","177768.963500000000","1655.08","1038082.5"
